{
    "auc_pr": 0.8808613768221272,
    "recall": 0.826530612244898,
    "precision": 0.8617021276595744,
    "f1_score": 0.84375,
    "confusion_matrix": [
        [
            56851,
            13
        ],
        [
            17,
            81
        ]
    ]
}